codec,uncompressed_size,compressed_size,compression_ratio,compression_time_s,compression_max_RSS_kB,decompression_time_s,decompression_max_RSS_kB,filename,stream_id,test_set,compression_speed_MiB/s,decompression_speed_MiB/s,compression_rank,compression_speed_rank,decompression_speed_rank
gzip,209715200,45085215,0.214983057975769,39.75,1772,3.19,1536,01_ERR17431.aln.sort.dupmark.rg.11.bam.cram_rawstreams.DS_RN.cropped,DS_RN,1,5.031446541,13.47856163,3,4,2
bzip2,209715200,41585791,0.198296504020691,22.22,10004,9.14,6936,01_ERR17431.aln.sort.dupmark.rg.11.bam.cram_rawstreams.DS_RN.cropped,DS_RN,1,9.00090009,4.339091992,2,3,5
xz,209715200,37221880,0.177487754821777,223.94,691428,5.57,67828,01_ERR17431.aln.sort.dupmark.rg.11.bam.cram_rawstreams.DS_RN.cropped,DS_RN,1,0.893096365,6.372989401,1,5,4
rANS-0,209715200,95138513,0.453655781745911,4.35,4460,4.43,4776,01_ERR17431.aln.sort.dupmark.rg.11.bam.cram_rawstreams.DS_RN.cropped,DS_RN,1,45.97701149,20.48107367,6,1,1
rANS-1,209715200,64272089,0.306473202705383,5.15,4348,6.05,5712,01_ERR17431.aln.sort.dupmark.rg.11.bam.cram_rawstreams.DS_RN.cropped,DS_RN,1,38.83495146,10.13134554,5,2,3
GABAC,209715200,47478327,0.226394305229187,382.51,2057968,12.97,2517268,01_ERR17431.aln.sort.dupmark.rg.11.bam.cram_rawstreams.DS_RN.cropped,DS_RN,1,0.522862147,3.49104557,4,6,7
gzip,5382090,354135,0.065798788203096,2.99,1748,0.07,1620,01_ERR17431.aln.sort.dupmark.rg.11.bam.cram_rawstreams.DS_MF,DS_MF,1,1.716642475,4.824706486,4,6,2
bzip2,5382090,318181,0.059118483711718,0.18,9076,0.13,6144,01_ERR17431.aln.sort.dupmark.rg.11.bam.cram_rawstreams.DS_MF,DS_MF,1,28.5153389,2.334161905,2,3,3
xz,5382090,333268,0.061921669834581,2.84,118460,0.18,7556,01_ERR17431.aln.sort.dupmark.rg.11.bam.cram_rawstreams.DS_MF,DS_MF,1,1.807310212,1.7657174,3,5,5
rANS-0,5382090,782245,0.145342236937695,0.14,3620,0.13,4000,01_ERR17431.aln.sort.dupmark.rg.11.bam.cram_rawstreams.DS_MF,DS_MF,1,36.66257858,5.73851512,6,2,1
rANS-1,5382090,398737,0.074085903431567,0.13,3044,0.19,4896,01_ERR17431.aln.sort.dupmark.rg.11.bam.cram_rawstreams.DS_MF,DS_MF,1,39.48277694,2.001395978,5,1,4
GABAC,5382090,294934,0.054799157947935,0.32,121264,0.37,114908,01_ERR17431.aln.sort.dupmark.rg.11.bam.cram_rawstreams.DS_MF,DS_MF,1,16.03987813,0.76019184,1,4,7
gzip,94759522,35286214,0.37237644571487,50.81,1668,1.7,1680,01_ERR17431.aln.sort.dupmark.rg.11.bam.cram_rawstreams.DS_XSC,DS_XSC,1,1.778581428,19.79503295,5,5,2
bzip2,94759522,30615717,0.323088554625677,7.63,9836,5.2,7048,01_ERR17431.aln.sort.dupmark.rg.11.bam.cram_rawstreams.DS_XSC,DS_XSC,1,11.84400031,5.614889035,3,3,5
xz,94759522,29659240,0.312994824942236,126.61,685064,4.2,67792,01_ERR17431.aln.sort.dupmark.rg.11.bam.cram_rawstreams.DS_XSC,DS_XSC,1,0.713764492,6.734584627,2,6,4
rANS-0,94759522,53981986,0.56967347302575,2.2,4740,2.12,4968,01_ERR17431.aln.sort.dupmark.rg.11.bam.cram_rawstreams.DS_XSC,DS_XSC,1,41.07714653,24.28360075,6,1,1
rANS-1,94759522,29410351,0.310368292064622,2.43,4896,2.56,5764,01_ERR17431.aln.sort.dupmark.rg.11.bam.cram_rawstreams.DS_XSC,DS_XSC,1,37.18918616,10.95620953,1,2,3
GABAC,94759522,32510029,0.343079284422731,27.44,1795248,33.22,1858248,01_ERR17431.aln.sort.dupmark.rg.11.bam.cram_rawstreams.DS_XSC,DS_XSC,1,3.293357229,0.933292585,4,4,7
gzip,15727668,3848417,0.244690884878801,11.55,1776,0.33,1572,01_ERR17431.aln.sort.dupmark.rg.11.bam.cram_rawstreams.DS_BA,DS_BA,1,1.298621041,11.12162561,5,5,1
bzip2,15727668,3779501,0.240309052810626,2.01,10524,1,6816,01_ERR17431.aln.sort.dupmark.rg.11.bam.cram_rawstreams.DS_BA,DS_BA,1,7.462225387,3.604413033,4,3,6
xz,15727668,3483412,0.221483057755288,15.92,208340,0.46,18100,01_ERR17431.aln.sort.dupmark.rg.11.bam.cram_rawstreams.DS_BA,DS_BA,1,0.942152828,7.2218273,1,6,4
rANS-0,15727668,3992286,0.253838394859301,0.34,3984,0.4,4364,01_ERR17431.aln.sort.dupmark.rg.11.bam.cram_rawstreams.DS_BA,DS_BA,1,44.11492067,9.518351555,6,1,2
rANS-1,15727668,3741190,0.23787315449436,0.42,4048,0.47,5668,01_ERR17431.aln.sort.dupmark.rg.11.bam.cram_rawstreams.DS_BA,DS_BA,1,35.71207864,7.591227268,3,2,3
GABAC,15727668,3541941,0.225204461335272,5.39,112708,0.89,122360,01_ERR17431.aln.sort.dupmark.rg.11.bam.cram_rawstreams.DS_BA,DS_BA,1,2.782759375,3.795346249,2,4,5
gzip,16207135,6899419,0.425702568652634,11.82,1812,0.34,1548,01_ERR17431.aln.sort.dupmark.rg.11.bam.cram_rawstreams.DS_TS,DS_TS,1,1.307641996,19.35234911,5,5,2
bzip2,16207135,5343810,0.329719595721267,1.63,9732,0.83,6816,01_ERR17431.aln.sort.dupmark.rg.11.bam.cram_rawstreams.DS_TS,DS_TS,1,9.482410056,6.14006548,1,3,4
xz,16207135,5608628,0.346059189363203,19.35,210612,1.08,18080,01_ERR17431.aln.sort.dupmark.rg.11.bam.cram_rawstreams.DS_TS,DS_TS,1,0.798776661,4.952596735,2,6,5
rANS-0,16207135,9313215,0.574636726355398,0.41,4696,0.43,5044,01_ERR17431.aln.sort.dupmark.rg.11.bam.cram_rawstreams.DS_TS,DS_TS,1,37.69836193,20.65528825,6,1,1
rANS-1,16207135,6649435,0.41027825090616,0.52,5636,0.52,6168,01_ERR17431.aln.sort.dupmark.rg.11.bam.cram_rawstreams.DS_TS,DS_TS,1,29.72370845,12.19499111,4,2,3
GABAC,16207135,6515641,0.40202299789568,3.65,279292,4.75,269156,01_ERR17431.aln.sort.dupmark.rg.11.bam.cram_rawstreams.DS_TS,DS_TS,1,4.234610518,1.308168311,3,4,7
gzip,94609041,19196927,0.202907954642517,108.76,1780,2.13,1692,01_ERR17431.aln.sort.dupmark.rg.11.bam.cram_rawstreams.DS_FN,DS_FN,1,0.829590038,8.595124992,6,5,1
bzip2,94609041,18561867,0.196195488336046,7.03,10248,4.26,7000,01_ERR17431.aln.sort.dupmark.rg.11.bam.cram_rawstreams.DS_FN,DS_FN,1,12.83445413,4.155393386,5,3,2
xz,94609041,16664004,0.176135428748295,143.31,686424,5.75,67908,01_ERR17431.aln.sort.dupmark.rg.11.bam.cram_rawstreams.DS_FN,DS_FN,1,0.629587695,2.763831761,3,6,4
rANS-0,94609041,17624905,0.186291973935134,1.84,4412,7.38,4564,01_ERR17431.aln.sort.dupmark.rg.11.bam.cram_rawstreams.DS_FN,DS_FN,1,49.03598506,2.277563581,4,1,5
rANS-1,94609041,16088653,0.170054075487352,3.12,4472,5.35,5648,01_ERR17431.aln.sort.dupmark.rg.11.bam.cram_rawstreams.DS_FN,DS_FN,1,28.91865785,2.867913112,2,2,3
GABAC,94609041,15117013,0.159784021064118,36.17,1792848,47.27,1807768,01_ERR17431.aln.sort.dupmark.rg.11.bam.cram_rawstreams.DS_FN,DS_FN,1,2.494504078,0.304986398,1,4,7
gzip,74938431,4684177,0.062507006585179,27.51,1776,1.58,1648,01_ERR17431.aln.sort.dupmark.rg.11.bam.cram_rawstreams.DS_FC,DS_FC,1,2.597850126,2.82732867,5,5,2
bzip2,74938431,3911262,0.052193006282718,2.54,9896,1.94,6740,01_ERR17431.aln.sort.dupmark.rg.11.bam.cram_rawstreams.DS_FC,DS_FC,1,28.13655786,1.922716554,2,3,5
xz,74938431,4437548,0.059215918198234,36.17,667732,1.24,67848,01_ERR17431.aln.sort.dupmark.rg.11.bam.cram_rawstreams.DS_FC,DS_FC,1,1.975860021,3.412883512,4,6,1
rANS-0,74938431,4935010,0.065854194358566,1.19,3684,1.99,4272,01_ERR17431.aln.sort.dupmark.rg.11.bam.cram_rawstreams.DS_FC,DS_FC,1,60.05618232,2.36502125,6,1,4
rANS-1,74938431,4274580,0.057041226283481,1.96,3740,1.71,5496,01_ERR17431.aln.sort.dupmark.rg.11.bam.cram_rawstreams.DS_FC,DS_FC,1,36.46268212,2.383951555,3,2,3
GABAC,74938431,3566526,0.047592749840199,3.87,1640172,3.68,1643960,01_ERR17431.aln.sort.dupmark.rg.11.bam.cram_rawstreams.DS_FC,DS_FC,1,18.4668881,0.924267458,1,4,7
gzip,143497442,32956213,0.229664114848821,245.54,1788,4.82,1604,01_ERR17431.aln.sort.dupmark.rg.11.bam.cram_rawstreams.DS_BF,DS_BF,1,0.557342286,6.520641889,5,6,4
bzip2,143497442,28407540,0.197965480109395,18.32,10280,12.3,7052,01_ERR17431.aln.sort.dupmark.rg.11.bam.cram_rawstreams.DS_BF,DS_BF,1,7.469968608,2.202564333,3,3,5
xz,143497442,28837604,0.200962495206012,204.91,691460,3.34,67824,01_ERR17431.aln.sort.dupmark.rg.11.bam.cram_rawstreams.DS_BF,DS_BF,1,0.667853325,8.234036611,4,5,2
rANS-0,143497442,42890396,0.298893105007405,3.16,4300,3.22,4768,01_ERR17431.aln.sort.dupmark.rg.11.bam.cram_rawstreams.DS_BF,DS_BF,1,43.30690662,12.70294071,6,2,1
rANS-1,143497442,26354500,0.183658326118454,2.92,4208,3.8,5616,01_ERR17431.aln.sort.dupmark.rg.11.bam.cram_rawstreams.DS_BF,DS_BF,1,46.86637839,6.614107835,1,1,3
GABAC,143497442,27373774,0.19076140744028,31.69,3223952,45.97,3282660,01_ERR17431.aln.sort.dupmark.rg.11.bam.cram_rawstreams.DS_BF,DS_BF,1,4.318391445,0.567884821,2,4,7
gzip,21511323,10198028,0.474077210406817,10.7,1676,0.44,1628,01_ERR17431.aln.sort.dupmark.rg.11.bam.cram_rawstreams.DS_NP,DS_NP,1,1.917270678,22.10363041,3,5,2
bzip2,21511323,10394414,0.483206634942909,2.35,9936,1.33,6736,01_ERR17431.aln.sort.dupmark.rg.11.bam.cram_rawstreams.DS_NP,DS_NP,1,8.729700535,7.453297493,4,3,4
xz,21511323,7571664,0.351985045271274,16.47,260880,1.09,23872,01_ERR17431.aln.sort.dupmark.rg.11.bam.cram_rawstreams.DS_NP,DS_NP,1,1.245585687,6.624680265,1,6,5
rANS-0,21511323,15832006,0.735984764860813,0.6,4748,0.53,4992,01_ERR17431.aln.sort.dupmark.rg.11.bam.cram_rawstreams.DS_NP,DS_NP,1,34.1913271,28.48788207,6,1,1
rANS-1,21511323,12627245,0.58700457428862,0.73,5840,0.71,6424,01_ERR17431.aln.sort.dupmark.rg.11.bam.cram_rawstreams.DS_NP,DS_NP,1,28.10246063,16.96095668,5,2,3
GABAC,21511323,8772494,0.407808204079312,4.12,408896,2.23,437948,01_ERR17431.aln.sort.dupmark.rg.11.bam.cram_rawstreams.DS_NP,DS_NP,1,4.97931948,3.751615345,2,4,7
gzip,74938431,40640042,0.542312421779954,23.75,1784,1.99,1636,01_ERR17431.aln.sort.dupmark.rg.11.bam.cram_rawstreams.DS_FP,DS_NP,1,3.009130819,19.47606245,3,4,2
bzip2,74938431,40465488,0.539983122945288,9.3,9856,5.71,6976,01_ERR17431.aln.sort.dupmark.rg.11.bam.cram_rawstreams.DS_FP,DS_FP,1,7.684608275,6.758475763,2,3,5
xz,74938431,37624888,0.502077338662188,52.46,667460,4.22,67736,01_ERR17431.aln.sort.dupmark.rg.11.bam.cram_rawstreams.DS_FP,DS_FP,1,1.362311417,8.50281738,1,6,4
rANS-0,74938431,49788503,0.664392119445362,1.95,4740,2.02,4900,01_ERR17431.aln.sort.dupmark.rg.11.bam.cram_rawstreams.DS_FP,DS_FP,1,36.64967023,23.50594879,6,1,1
rANS-1,74938431,43076971,0.574831504011607,2.7,5232,2.68,6096,01_ERR17431.aln.sort.dupmark.rg.11.bam.cram_rawstreams.DS_FP,DS_FP,1,26.46920628,15.32888092,4,2,3
GABAC,74938431,43323359,0.578119376425162,45.27,1380056,32.66,1757216,01_ERR17431.aln.sort.dupmark.rg.11.bam.cram_rawstreams.DS_FP,DS_FP,1,1.578680295,1.265045156,5,5,6
gzip,6300035,1745871,0.277120841392151,1.25,1744,0.13,1604,01_ERR17431.aln.sort.dupmark.rg.11.bam.cram_rawstreams.DS_SAZ,DS_SAZ,1,4.806545258,12.80763333,3,4,2
bzip2,6300035,1309170,0.207803607440276,0.79,9916,0.4,6720,01_ERR17431.aln.sort.dupmark.rg.11.bam.cram_rawstreams.DS_SAZ,DS_SAZ,1,7.605293129,3.121304512,1,3,5
xz,6300035,1333068,0.211596919699652,6.05,123580,0.23,8556,01_ERR17431.aln.sort.dupmark.rg.11.bam.cram_rawstreams.DS_SAZ,DS_SAZ,1,0.993087863,5.527446581,2,5,4
rANS-0,6300035,3137804,0.498061359976572,0.17,4520,0.17,4608,01_ERR17431.aln.sort.dupmark.rg.11.bam.cram_rawstreams.DS_SAZ,DS_SAZ,1,35.34224454,17.60260638,6,1,1
rANS-1,6300035,2390313,0.379412654056684,0.2,4284,0.23,5892,01_ERR17431.aln.sort.dupmark.rg.11.bam.cram_rawstreams.DS_SAZ,DS_SAZ,1,30.04090786,9.911217897,5,2,3
GABAC,6300035,2106029,0.334288460302205,12.74,91728,2.28,105040,01_ERR17431.aln.sort.dupmark.rg.11.bam.cram_rawstreams.DS_SAZ,DS_SAZ,1,0.471599809,0.880906038,4,6,7
gzip,87459522,294967,0.003372611617978,1.61,1804,1.3,1624,01_ERR17431.aln.sort.dupmark.rg.11.bam.cram_rawstreams.DS_RL,DS_RL,1,51.80614898,0.216386502,4,5,2
bzip2,87459522,177739,0.00203224298436,1.36,9732,1.13,5944,01_ERR17431.aln.sort.dupmark.rg.11.bam.cram_rawstreams.DS_RL,DS_RL,1,61.32933813,0.15000453,1,3,5
xz,87459522,247952,0.002835048652564,6.51,678816,0.96,67752,01_ERR17431.aln.sort.dupmark.rg.11.bam.cram_rawstreams.DS_RL,DS_RL,1,12.8122734,0.246318181,3,6,1
rANS-0,87459522,335987,0.003841628587908,1.1,2804,1.52,3412,01_ERR17431.aln.sort.dupmark.rg.11.bam.cram_rawstreams.DS_RL,DS_RL,1,75.82536351,0.210804061,5,1,3
rANS-1,87459522,336664,0.003849369311669,1.44,3084,1.88,4720,01_ERR17431.aln.sort.dupmark.rg.11.bam.cram_rawstreams.DS_RL,DS_RL,1,57.92215268,0.17078075,6,4,4
GABAC,87459522,178598,0.002042064670786,1.16,773948,1.77,1060684,01_ERR17431.aln.sort.dupmark.rg.11.bam.cram_rawstreams.DS_RL,DS_RL,1,71.90336195,0.096228433,2,2,6
gzip,68672005,13814911,0.201172384583791,79.17,1880,1.15,1692,01_ERR17431.aln.sort.dupmark.rg.11.bam.cram_rawstreams.DS_BS,DS_BS,1,0.827216464,11.45645722,5,5,1
bzip2,68672005,13247566,0.192910721042731,6.64,10092,3.47,6944,01_ERR17431.aln.sort.dupmark.rg.11.bam.cram_rawstreams.DS_BS,DS_BS,1,9.863061359,3.640882838,3,3,5
xz,68672005,12323816,0.179459096905646,87.69,660824,1.56,67836,01_ERR17431.aln.sort.dupmark.rg.11.bam.cram_rawstreams.DS_BS,DS_BS,1,0.746843738,7.533914615,2,6,4
rANS-0,68672005,16186536,0.235707927852114,1.25,4096,1.49,4340,01_ERR17431.aln.sort.dupmark.rg.11.bam.cram_rawstreams.DS_BS,DS_BS,1,52.39258194,10.36019037,6,1,2
rANS-1,68672005,13713596,0.199697038116187,1.4,3960,1.73,5704,01_ERR17431.aln.sort.dupmark.rg.11.bam.cram_rawstreams.DS_BS,DS_BS,1,46.77909102,7.559713463,4,2,3
GABAC,68672005,12149634,0.17692266302695,12.43,1078444,10.65,1090484,01_ERR17431.aln.sort.dupmark.rg.11.bam.cram_rawstreams.DS_BS,DS_BS,1,5.268763268,1.087961869,1,4,6
gzip,94139522,15188726,0.16134271427467,311.13,1792,1.83,1676,01_ERR17431.aln.sort.dupmark.rg.11.bam.cram_rawstreams.DS_CF,DS_CF,1,0.288556051,7.915354036,5,6,1
bzip2,94139522,15570411,0.165397175056827,18.71,9884,7.43,6940,01_ERR17431.aln.sort.dupmark.rg.11.bam.cram_rawstreams.DS_CF,DS_CF,1,4.798420326,1.998533118,6,4,5
xz,94139522,13360592,0.141923304008278,173.32,685900,2.19,67776,01_ERR17431.aln.sort.dupmark.rg.11.bam.cram_rawstreams.DS_CF,DS_CF,1,0.517992409,5.818106595,3,5,3
rANS-0,94139522,13453670,0.142912027957822,1.69,3968,2.27,4340,01_ERR17431.aln.sort.dupmark.rg.11.bam.cram_rawstreams.DS_CF,DS_CF,1,53.12333982,5.652167198,4,1,4
rANS-1,94139522,12779985,0.135755788095036,1.88,3852,2.09,5548,01_ERR17431.aln.sort.dupmark.rg.11.bam.cram_rawstreams.DS_CF,DS_CF,1,47.75449164,5.831551894,2,2,2
GABAC,94139522,12467870,0.13244033680137,15.43,1791476,18.07,1802736,01_ERR17431.aln.sort.dupmark.rg.11.bam.cram_rawstreams.DS_CF,DS_CF,1,5.818434497,0.658012584,1,3,7
gzip,90162026,19617031,0.217575312693173,49.67,1828,1.43,1600,01_ERR17431.aln.sort.dupmark.rg.11.bam.cram_rawstreams.DS_SC,DS_SC,1,1.731129626,13.08269834,3,4,1
bzip2,90162026,19310838,0.214179282084899,11.27,9892,4.54,6992,01_ERR17431.aln.sort.dupmark.rg.11.bam.cram_rawstreams.DS_SC,DS_SC,1,7.629565973,4.056442782,2,3,5
xz,90162026,17229808,0.191098279002737,110.91,680628,2.19,67796,01_ERR17431.aln.sort.dupmark.rg.11.bam.cram_rawstreams.DS_SC,DS_SC,1,0.775270116,7.503025281,1,5,4
rANS-0,90162026,24783028,0.274872128538904,1.96,4148,1.94,4340,01_ERR17431.aln.sort.dupmark.rg.11.bam.cram_rawstreams.DS_SC,DS_SC,1,43.87000434,12.18295736,6,1,2
rANS-1,90162026,23077748,0.255958622757656,2,4036,2.19,5676,01_ERR17431.aln.sort.dupmark.rg.11.bam.cram_rawstreams.DS_SC,DS_SC,1,42.99260426,10.04961441,5,2,3
GABAC,90162026,20939759,0.232245879213051,253.86,908008,14.9,1261484,01_ERR17431.aln.sort.dupmark.rg.11.bam.cram_rawstreams.DS_SC,DS_SC,1,0.338711134,1.340249017,4,6,7
gzip,94689619,31575804,0.333466375020476,69.19,1872,2.17,1596,01_ERR17431.aln.sort.dupmark.rg.11.bam.cram_rawstreams.DS_AP,DS_AP,1,1.305146086,13.87697387,6,5,1
bzip2,94689619,31260586,0.330137414535378,11.44,10196,6.32,6968,01_ERR17431.aln.sort.dupmark.rg.11.bam.cram_rawstreams.DS_AP,DS_AP,1,7.893623922,4.717154744,5,4,5
xz,94689619,28899632,0.305203804864818,132.54,686124,3.03,67844,01_ERR17431.aln.sort.dupmark.rg.11.bam.cram_rawstreams.DS_AP,DS_AP,1,0.681326827,9.09598574,4,6,4
rANS-0,94689619,26670585,0.281663241247174,2.09,4216,2.2,4520,01_ERR17431.aln.sort.dupmark.rg.11.bam.cram_rawstreams.DS_AP,DS_AP,1,43.20720463,11.56138724,2,1,2
rANS-1,94689619,26569364,0.280594264509608,2.32,4424,2.34,5732,01_ERR17431.aln.sort.dupmark.rg.11.bam.cram_rawstreams.DS_AP,DS_AP,1,38.92373175,10.82842737,1,2,3
GABAC,94689619,26813430,0.283171801546693,5.63,1484752,7.71,1511276,01_ERR17431.aln.sort.dupmark.rg.11.bam.cram_rawstreams.DS_AP,DS_AP,1,16.03961948,3.316638071,3,3,7
gzip,75662440,54573073,0.721270329109133,8.95,1748,1.88,1596,01_ERR17431.aln.sort.dupmark.rg.11.bam.cram_rawstreams.DS_NF,DS_NF,1,8.062271033,27.68347771,6,3,1
bzip2,75662440,45265803,0.598259889583259,10.19,9788,6.05,6880,01_ERR17431.aln.sort.dupmark.rg.11.bam.cram_rawstreams.DS_NF,DS_NF,1,7.081189965,7.135344419,1,4,5
xz,75662440,48755636,0.644383606978575,87.7,667220,5.91,67768,01_ERR17431.aln.sort.dupmark.rg.11.bam.cram_rawstreams.DS_NF,DS_NF,1,0.822774524,7.867512324,4,6,4
rANS-0,75662440,52798866,0.697821349668343,2.71,4752,1.95,4864,01_ERR17431.aln.sort.dupmark.rg.11.bam.cram_rawstreams.DS_NF,DS_NF,1,26.62631946,25.82201151,5,2,2
rANS-1,75662440,46189849,0.610472633449305,2.52,6008,2.95,6200,01_ERR17431.aln.sort.dupmark.rg.11.bam.cram_rawstreams.DS_NF,DS_NF,1,28.63385942,14.93222802,2,1,3
GABAC,75662440,48214609,0.637233070992688,65.22,1645328,35.5,1692728,01_ERR17431.aln.sort.dupmark.rg.11.bam.cram_rawstreams.DS_NF,DS_NF,1,1.106368073,1.295240402,3,5,7
gzip,94149670,4845611,0.051467105514018,14.06,1676,12.29,1604,01_ERR17431.aln.sort.dupmark.rg.11.bam.cram_rawstreams.DS_MQ,DS_MQ,1,6.386068434,0.37600771,5,5,6
bzip2,94149670,4441131,0.047170967248212,1.91,9864,5.98,6884,01_ERR17431.aln.sort.dupmark.rg.11.bam.cram_rawstreams.DS_MQ,DS_MQ,1,47.00948805,0.708259627,3,2,4
xz,94149670,4300356,0.045675741614389,17.72,684552,4.75,67840,01_ERR17431.aln.sort.dupmark.rg.11.bam.cram_rawstreams.DS_MQ,DS_MQ,1,5.067049784,0.863397699,2,6,3
rANS-0,94149670,7117711,0.075599956962143,1.64,4616,1.87,4792,01_ERR17431.aln.sort.dupmark.rg.11.bam.cram_rawstreams.DS_MQ,DS_MQ,1,54.74885499,3.629934851,6,1,1
rANS-1,94149670,4709116,0.050017339412873,1.97,4648,4.78,5456,01_ERR17431.aln.sort.dupmark.rg.11.bam.cram_rawstreams.DS_MQ,DS_MQ,1,45.57772699,0.939532005,4,3,2
GABAC,94149670,4096684,0.043512462656534,12.04,1791236,12.01,1794116,01_ERR17431.aln.sort.dupmark.rg.11.bam.cram_rawstreams.DS_MQ,DS_MQ,1,7.457485231,0.325304106,1,4,7
gzip,1209128,119157,0.09854787913273,0.55,1876,0.02,1732,01_ERR17431.aln.sort.dupmark.rg.11.bam.cram_rawstreams.DS_DL,DS_DL,1,2.096571489,5.681848526,5,5,1
bzip2,1209128,111307,0.092055597091458,0.06,8532,0.05,3980,01_ERR17431.aln.sort.dupmark.rg.11.bam.cram_rawstreams.DS_DL,DS_DL,1,19.21857198,2.123012543,2,3,4
xz,1209128,107212,0.088668858880119,0.68,82724,0.07,4668,01_ERR17431.aln.sort.dupmark.rg.11.bam.cram_rawstreams.DS_DL,DS_DL,1,1.695756351,1.460647583,1,6,6
rANS-0,1209128,272058,0.225003473577653,0.02,2892,0.06,2748,01_ERR17431.aln.sort.dupmark.rg.11.bam.cram_rawstreams.DS_DL,DS_DL,1,57.65571594,4.324245453,6,1,2
rANS-1,1209128,117600,0.097260174274353,0.04,2876,0.04,3612,01_ERR17431.aln.sort.dupmark.rg.11.bam.cram_rawstreams.DS_DL,DS_DL,1,28.82785797,2.80380249,4,2,3
GABAC,1209128,113017,0.093469839421467,0.07,23876,0.07,24272,01_ERR17431.aln.sort.dupmark.rg.11.bam.cram_rawstreams.DS_DL,DS_DL,1,16.4730617,1.539734432,3,4,5
gzip,94759522,24899936,0.262769750991357,98.09,1756,1.67,1600,01_ERR17431.aln.sort.dupmark.rg.11.bam.cram_rawstreams.DS_ASC,DS_ASC,1,0.921293938,14.21941883,6,5,1
bzip2,94759522,23988568,0.253152057900841,6.75,9780,5.12,6992,01_ERR17431.aln.sort.dupmark.rg.11.bam.cram_rawstreams.DS_ASC,DS_ASC,1,13.38810702,4.468218982,5,3,4
xz,94759522,21879992,0.230900193861256,127.95,686356,4.33,67852,01_ERR17431.aln.sort.dupmark.rg.11.bam.cram_rawstreams.DS_ASC,DS_ASC,1,0.70628935,4.819026885,3,6,2
rANS-0,94759522,23778218,0.25093222821449,3.54,4748,5.04,4980,01_ERR17431.aln.sort.dupmark.rg.11.bam.cram_rawstreams.DS_ASC,DS_ASC,1,25.52817016,4.499340436,4,2,3
rANS-1,94759522,21749687,0.229525081394986,2.3,4840,5.92,5804,01_ERR17431.aln.sort.dupmark.rg.11.bam.cram_rawstreams.DS_ASC,DS_ASC,1,39.29118364,3.503736129,2,1,5
GABAC,94759522,20843335,0.219960322298798,8.49,1794532,18.29,1849320,01_ERR17431.aln.sort.dupmark.rg.11.bam.cram_rawstreams.DS_ASC,DS_ASC,1,10.6442547,1.08680991,1,4,7
gzip,209715200,89283917,0.425738892555237,63.42,1780,3.92,1648,01_ERR17431.aln.sort.dupmark.rg.11.bam.cram_rawstreams.DS_QS.cropped,DS_QS,1,3.153579313,21.72137207,5,5,1
bzip2,209715200,80363714,0.383204050064087,21.73,9996,12.69,6992,01_ERR17431.aln.sort.dupmark.rg.11.bam.cram_rawstreams.DS_QS.cropped,DS_QS,1,9.203865624,6.039464934,3,4,6
xz,209715200,78659184,0.375076217651367,281.41,691564,8.06,67828,01_ERR17431.aln.sort.dupmark.rg.11.bam.cram_rawstreams.DS_QS.cropped,DS_QS,1,0.710706798,9.307102175,2,6,4
rANS-0,209715200,107020350,0.510312795639038,4.56,4632,4.75,4928,01_ERR17431.aln.sort.dupmark.rg.11.bam.cram_rawstreams.DS_QS.cropped,DS_QS,1,43.85964912,21.48685455,6,1,2
rANS-1,209715200,75438395,0.359718298912048,5.39,4528,5.78,5912,01_ERR17431.aln.sort.dupmark.rg.11.bam.cram_rawstreams.DS_QS.cropped,DS_QS,1,37.10575139,12.44699996,1,2,3
GABAC,209715200,82236508,0.392134227752685,21.57,1007528,15.75,1025668,01_ERR17431.aln.sort.dupmark.rg.11.bam.cram_rawstreams.DS_QS.cropped,DS_QS,1,9.272137228,4.979482257,4,3,7
gzip,94759522,1853629,0.019561400911246,10.49,1800,1.3,1688,01_ERR17431.aln.sort.dupmark.rg.11.bam.cram_rawstreams.DS_TL,DS_TL,1,8.614844839,1.35981413,5,5,3
bzip2,94759522,1465279,0.015463132032262,1.4,9856,1.39,6728,01_ERR17431.aln.sort.dupmark.rg.11.bam.cram_rawstreams.DS_TL,DS_TL,1,64.54980169,1.005322985,2,2,4
xz,94759522,1695596,0.017893674052092,25.28,686836,1.18,67820,01_ERR17431.aln.sort.dupmark.rg.11.bam.cram_rawstreams.DS_TL,DS_TL,1,3.574751676,1.370378268,3,6,2
rANS-0,94759522,4570683,0.048234551035409,1.33,3780,1.75,4556,01_ERR17431.aln.sort.dupmark.rg.11.bam.cram_rawstreams.DS_TL,DS_TL,1,67.94715967,2.490824563,6,1,1
rANS-1,94759522,1722543,0.018178046529192,1.57,3616,1.85,5436,01_ERR17431.aln.sort.dupmark.rg.11.bam.cram_rawstreams.DS_TL,DS_TL,1,57.56033272,0.88797028,4,3,5
GABAC,94759522,1366436,0.014420038969804,2.41,1485812,14.34,1487100,01_ERR17431.aln.sort.dupmark.rg.11.bam.cram_rawstreams.DS_TL,DS_TL,1,37.49781011,0.090874123,1,4,6
gzip,1603192,135199,0.084331134386898,0.34,1784,0.07,1732,01_ERR17431.aln.sort.dupmark.rg.11.bam.cram_rawstreams.DS_IN,DS_IN,1,4.496832455,1.841940199,3,4,5
bzip2,1603192,135669,0.084624299522453,0.56,8832,0.05,5976,01_ERR17431.aln.sort.dupmark.rg.11.bam.cram_rawstreams.DS_IN,DS_IN,1,2.730219705,2.587680817,4,5,3
xz,1603192,117352,0.073198968058723,0.71,83984,0.03,5760,01_ERR17431.aln.sort.dupmark.rg.11.bam.cram_rawstreams.DS_IN,DS_IN,1,2.153412725,3.730519613,1,6,2
rANS-0,1603192,449083,0.280118039511175,0.03,3156,0.03,3004,01_ERR17431.aln.sort.dupmark.rg.11.bam.cram_rawstreams.DS_IN,DS_IN,1,50.96410116,14.2759641,6,1,1
rANS-1,1603192,425173,0.265204042934346,0.05,3288,0.17,4072,01_ERR17431.aln.sort.dupmark.rg.11.bam.cram_rawstreams.DS_IN,DS_IN,1,30.57846069,2.385156295,5,2,4
GABAC,1603192,134090,0.083639389418111,0.12,21368,0.15,25956,01_ERR17431.aln.sort.dupmark.rg.11.bam.cram_rawstreams.DS_IN,DS_IN,1,12.74102529,0.852521261,2,3,7
gzip,5321916,633019,0.118945695497637,1.8,1732,0.08,1620,01_ERR17431.aln.sort.dupmark.rg.11.bam.cram_rawstreams.DS_NS,DS_NS,1,2.819652557,7.546174526,5,5,1
bzip2,5321916,605632,0.113799616529085,0.23,9456,0.15,6504,01_ERR17431.aln.sort.dupmark.rg.11.bam.cram_rawstreams.DS_NS,DS_NS,1,22.0668461,3.850504557,4,3,2
xz,5321916,566128,0.106376725976133,1.96,117352,0.16,8464,01_ERR17431.aln.sort.dupmark.rg.11.bam.cram_rawstreams.DS_NS,DS_NS,1,2.589476838,3.374385834,2,6,4
rANS-0,5321916,725739,0.136367992279472,0.17,3504,0.2,4012,01_ERR17431.aln.sort.dupmark.rg.11.bam.cram_rawstreams.DS_NS,DS_NS,1,29.85514473,3.460593224,6,2,3
rANS-1,5321916,594641,0.111734382880151,0.16,3512,0.26,5156,01_ERR17431.aln.sort.dupmark.rg.11.bam.cram_rawstreams.DS_NS,DS_NS,1,31.72109127,2.181130189,3,1,5
GABAC,5321916,506688,0.095207816132385,0.41,120636,0.8,114804,01_ERR17431.aln.sort.dupmark.rg.11.bam.cram_rawstreams.DS_NS,DS_NS,1,12.37896245,0.604019165,1,4,7
gzip,209715200,406871,0.001940112113953,2.14,1700,2.93,1640,01_ERR17431.aln.sort.dupmark.rg.11.bam.cram_rawstreams.DS_PGZ.cropped,DS_PGZ,1,93.45794393,0.132430861,4,1,3
bzip2,209715200,21540,0.000102710723877,67.36,9644,3.33,5612,01_ERR17431.aln.sort.dupmark.rg.11.bam.cram_rawstreams.DS_PGZ.cropped,DS_PGZ,1,2.96912114,0.006168812,2,6,5
xz,209715200,30660,0.000146198272705,14.99,691228,2.47,67752,01_ERR17431.aln.sort.dupmark.rg.11.bam.cram_rawstreams.DS_PGZ.cropped,DS_PGZ,1,13.34222815,0.011837917,3,5,4
rANS-0,209715200,101604000,0.484485626220703,4.06,4524,4.15,4812,01_ERR17431.aln.sort.dupmark.rg.11.bam.cram_rawstreams.DS_PGZ.cropped,DS_PGZ,1,49.26108374,23.34870488,6,3,1
rANS-1,209715200,3308400,0.015775680541992,3.24,3788,4.22,5396,01_ERR17431.aln.sort.dupmark.rg.11.bam.cram_rawstreams.DS_PGZ.cropped,DS_PGZ,1,61.72839506,0.747662585,5,2,2
GABAC,209715200,49,2.33650207519531E-07,12.21,1848168,13.79,2102928,01_ERR17431.aln.sort.dupmark.rg.11.bam.cram_rawstreams.DS_PGZ.cropped,DS_PGZ,1,16.38001638,3.39E-06,1,4,6
gzip,209715200,32498612,0.15496545791626,36.9,1796,3.2,1624,01_ERR17431.aln.sort.dupmark.rg.11.bam.cram_rawstreams.DS_XAZ.cropped,DS_XAZ,1,5.420054201,9.68534112,3,4,3
bzip2,209715200,28938049,0.137987370491028,26.86,10288,7.66,7044,01_ERR17431.aln.sort.dupmark.rg.11.bam.cram_rawstreams.DS_XAZ.cropped,DS_XAZ,1,7.446016381,3.602803407,2,3,6
xz,209715200,23592532,0.112497959136963,140.65,691424,4.52,67820,01_ERR17431.aln.sort.dupmark.rg.11.bam.cram_rawstreams.DS_XAZ.cropped,DS_XAZ,1,1.421969428,4.977785803,1,5,4
rANS-0,209715200,100059836,0.477122478485107,4.46,4480,4.86,4796,01_ERR17431.aln.sort.dupmark.rg.11.bam.cram_rawstreams.DS_XAZ.cropped,DS_XAZ,1,44.84304933,19.6346699,6,1,1
rANS-1,209715200,71973007,0.343194041252136,5.2,4484,5.49,5868,01_ERR17431.aln.sort.dupmark.rg.11.bam.cram_rawstreams.DS_XAZ.cropped,DS_XAZ,1,38.46153846,12.50251516,5,2,2
GABAC,209715200,37209932,0.177430782318115,293.08,2055880,11.7,2469724,01_ERR17431.aln.sort.dupmark.rg.11.bam.cram_rawstreams.DS_XAZ.cropped,DS_XAZ,1,0.682407534,3.033004826,4,6,7
