codec,uncompressed_size,compressed_size,compression_ratio,compression_time_s,compression_max_RSS_kB,decompression_time_s,decompression_max_RSS_kB,filename,stream_id,test_set,compression_speed_MiB/s,decompression_speed_MiB/s,compression_rank,compression_speed_rank,decompression_speed_rank
gzip,540887,53270,0.098486375157843,0.23,1748,0.01,1648,01_ERR17431.aln.sort.dupmark.rg.11.sam.deez_rawstreams.EditACGT_U_NVec,EditACGT_U_NVec,1,2.242739304,5.080223083,5,4,2
bzip2,540887,43820,0.081015073388712,0.02,2804,0.02,3920,01_ERR17431.aln.sort.dupmark.rg.11.sam.deez_rawstreams.EditACGT_U_NVec,EditACGT_U_NVec,1,25.791502,2.089500427,2,2,5
xz,540887,47560,0.087929641496283,0.35,73724,0.02,2688,01_ERR17431.aln.sort.dupmark.rg.11.sam.deez_rawstreams.EditACGT_U_NVec,EditACGT_U_NVec,1,1.473800114,2.267837524,4,5,3
rANS-0,540887,55196,0.102047192851742,0.01,1984,0.01,2212,01_ERR17431.aln.sort.dupmark.rg.11.sam.deez_rawstreams.EditACGT_U_NVec,EditACGT_U_NVec,1,51.583004,5.263900757,6,1,1
rANS-1,540887,45315,0.083779051816738,0.02,3132,0.02,2988,01_ERR17431.aln.sort.dupmark.rg.11.sam.deez_rawstreams.EditACGT_U_NVec,EditACGT_U_NVec,1,25.791502,2.160787582,3,2,4
GABAC,540887,42782,0.07909600341661,0.06,23136,0.06,23220,01_ERR17431.aln.sort.dupmark.rg.11.sam.deez_rawstreams.EditACGT_U_NVec,EditACGT_U_NVec,1,8.597167333,0.680001577,1,3,7
gzip,3799679,3313577,0.872067614132667,0.25,1716,0.1,1608,01_ERR17431.aln.sort.dupmark.rg.11.sam.deez_rawstreams.EditACGT_U_SeqVec,EditACGT_U_SeqVec,1,14.49462509,31.6007328,2,3,1
bzip2,3799679,3403271,0.895673292401805,0.71,9792,0.4,6720,01_ERR17431.aln.sort.dupmark.rg.11.sam.deez_rawstreams.EditACGT_U_SeqVec,EditACGT_U_SeqVec,1,5.103741229,8.114030361,3,4,5
xz,3799679,3257396,0.857281891443988,1.2,102488,0.37,7456,01_ERR17431.aln.sort.dupmark.rg.11.sam.deez_rawstreams.EditACGT_U_SeqVec,EditACGT_U_SeqVec,1,3.019713561,8.395932172,1,5,4
rANS-0,3799679,3622948,0.953487913057919,0.22,4752,0.14,5076,01_ERR17431.aln.sort.dupmark.rg.11.sam.deez_rawstreams.EditACGT_U_SeqVec,EditACGT_U_SeqVec,1,16.47116488,24.67937469,5,2,2
rANS-1,3799679,3645020,0.959296824810727,0.19,5928,0.16,6608,01_ERR17431.aln.sort.dupmark.rg.11.sam.deez_rawstreams.EditACGT_U_SeqVec,EditACGT_U_SeqVec,1,19.07187512,21.72601223,6,1,3
GABAC,3799679,3413162,0.898276407033331,5.3,113356,0.64,119228,01_ERR17431.aln.sort.dupmark.rg.11.sam.deez_rawstreams.EditACGT_U_SeqVec,EditACGT_U_SeqVec,1,0.683708731,5.086007714,4,6,6
gzip,12897850,10737915,0.832535267505825,3.52,1716,0.35,1608,01_ERR17431.aln.sort.dupmark.rg.11.sam.deez_rawstreams.EditACGT_SeqVec,EditACGT_SeqVec,1,3.494417126,29.25849642,4,5,1
bzip2,12897850,11190473,0.867623130986947,2.17,9912,1.25,6732,01_ERR17431.aln.sort.dupmark.rg.11.sam.deez_rawstreams.EditACGT_SeqVec,EditACGT_SeqVec,1,5.668363264,8.537653351,6,4,5
xz,12897850,10287316,0.797599289804115,5.84,184240,0.96,15996,01_ERR17431.aln.sort.dupmark.rg.11.sam.deez_rawstreams.EditACGT_SeqVec,EditACGT_SeqVec,1,2.106224021,10.21953026,1,6,4
rANS-0,12897850,10636759,0.824692409975306,0.41,4832,0.36,5312,01_ERR17431.aln.sort.dupmark.rg.11.sam.deez_rawstreams.EditACGT_SeqVec,EditACGT_SeqVec,1,30.00084947,28.17778852,3,1,2
rANS-1,12897850,10865200,0.842403966552565,0.58,5860,0.49,6476,01_ERR17431.aln.sort.dupmark.rg.11.sam.deez_rawstreams.EditACGT_SeqVec,EditACGT_SeqVec,1,21.20749704,21.14665752,5,2,3
GABAC,12897850,10620348,0.823420027368903,1.99,254612,1.77,247524,01_ERR17431.aln.sort.dupmark.rg.11.sam.deez_rawstreams.EditACGT_SeqVec,EditACGT_SeqVec,1,6.181079539,5.722233401,2,3,6
gzip,3235715,2084018,0.644067230890236,1.78,1720,0.1,1700,01_ERR17431.aln.sort.dupmark.rg.11.sam.deez_rawstreams.EditACGT_NVec,EditACGT_NVec,1,1.733605781,19.87474442,6,6,1
bzip2,3235715,2073982,0.640965598020839,0.43,9628,0.31,6816,01_ERR17431.aln.sort.dupmark.rg.11.sam.deez_rawstreams.EditACGT_NVec,EditACGT_NVec,1,7.176321606,6.380333439,5,3,5
xz,3235715,1980404,0.612045251204139,1.58,97224,0.21,5992,01_ERR17431.aln.sort.dupmark.rg.11.sam.deez_rawstreams.EditACGT_NVec,EditACGT_NVec,1,1.953049551,8.9936211,3,5,4
rANS-0,3235715,2006710,0.620175139034186,0.13,4720,0.12,4696,01_ERR17431.aln.sort.dupmark.rg.11.sam.deez_rawstreams.EditACGT_NVec,EditACGT_NVec,1,23.73706377,15.94789823,4,1,2
rANS-1,3235715,1864473,0.5762166939919,0.15,5848,0.14,6096,01_ERR17431.aln.sort.dupmark.rg.11.sam.deez_rawstreams.EditACGT_NVec,EditACGT_NVec,1,20.57212194,12.70071438,1,2,3
GABAC,3235715,1959989,0.605735981073735,0.48,88500,0.47,92320,01_ERR17431.aln.sort.dupmark.rg.11.sam.deez_rawstreams.EditACGT_NVec,EditACGT_NVec,1,6.428788106,3.977002489,2,4,6
gzip,94778876,1114121,0.011754950544043,5.46,1688,1.37,1624,01_ERR17431.aln.sort.dupmark.rg.11.sam.deez_rawstreams.pairedChr,pairedChr,1,16.55461168,0.77555371,5,5,2
bzip2,94778876,891140,0.009402306058156,1.18,9624,1.38,6524,01_ERR17431.aln.sort.dupmark.rg.11.sam.deez_rawstreams.pairedChr,pairedChr,1,76.60015236,0.615838645,1,1,4
xz,94778876,1036368,0.010934588420314,9.87,685220,1.17,67840,01_ERR17431.aln.sort.dupmark.rg.11.sam.deez_rawstreams.pairedChr,pairedChr,1,9.157870292,0.844750038,4,6,1
rANS-0,94778876,1346087,0.014202394634855,1.26,3948,1.71,4332,01_ERR17431.aln.sort.dupmark.rg.11.sam.deez_rawstreams.pairedChr,pairedChr,1,71.73665062,0.750718479,6,2,3
rANS-1,94778876,984338,0.010385626434312,1.56,3692,2.68,5364,01_ERR17431.aln.sort.dupmark.rg.11.sam.deez_rawstreams.pairedChr,pairedChr,1,57.94114088,0.350275324,3,3,7
GABAC,94778876,906335,0.009562626592027,1.97,838336,2.43,1097340,01_ERR17431.aln.sort.dupmark.rg.11.sam.deez_rawstreams.pairedChr,pairedChr,1,45.88232476,0.355698935,2,4,6
gzip,3161681,339172,0.107275844716782,1.25,1780,0.06,1596,01_ERR17431.aln.sort.dupmark.rg.11.sam.deez_rawstreams.EditACGT_IS_NVec,EditACGT_IS_NVec,1,2.412171173,5.390993754,5,5,1
bzip2,3161681,286921,0.090749509517247,0.12,9040,0.1,5964,01_ERR17431.aln.sort.dupmark.rg.11.sam.deez_rawstreams.EditACGT_IS_NVec,EditACGT_IS_NVec,1,25.12678305,2.736291885,2,3,5
xz,3161681,301344,0.095311323311871,1.65,98132,0.09,6272,01_ERR17431.aln.sort.dupmark.rg.11.sam.deez_rawstreams.EditACGT_IS_NVec,EditACGT_IS_NVec,1,1.827402404,3.193155924,4,6,3
rANS-0,3161681,349281,0.110473194481037,0.09,3040,0.09,3540,01_ERR17431.aln.sort.dupmark.rg.11.sam.deez_rawstreams.EditACGT_IS_NVec,EditACGT_IS_NVec,1,33.5023774,3.701114655,6,1,2
rANS-1,3161681,294118,0.093025830246632,0.1,4008,0.1,4952,01_ERR17431.aln.sort.dupmark.rg.11.sam.deez_rawstreams.EditACGT_IS_NVec,EditACGT_IS_NVec,1,30.15213966,2.804927826,3,2,4
GABAC,3161681,267830,0.084711265937329,0.25,88568,0.23,89460,01_ERR17431.aln.sort.dupmark.rg.11.sam.deez_rawstreams.EditACGT_IS_NVec,EditACGT_IS_NVec,1,12.06085587,1.110533009,1,4,7
gzip,6079110,1732922,0.285061793584916,1.13,1772,0.13,1644,01_ERR17431.aln.sort.dupmark.rg.11.sam.deez_rawstreams.TagSAZ,TagSAZ,1,5.130523074,12.71264003,3,4,2
bzip2,6079110,1308741,0.215284967700864,0.82,9660,0.28,6828,01_ERR17431.aln.sort.dupmark.rg.11.sam.deez_rawstreams.TagSAZ,TagSAZ,1,7.070111065,4.45754528,1,3,5
xz,6079110,1329944,0.218772813783597,4.84,123740,0.23,9516,01_ERR17431.aln.sort.dupmark.rg.11.sam.deez_rawstreams.TagSAZ,TagSAZ,1,1.197828734,5.514493196,2,5,4
rANS-0,6079110,2965252,0.487777322667298,0.16,4612,0.17,4564,01_ERR17431.aln.sort.dupmark.rg.11.sam.deez_rawstreams.TagSAZ,TagSAZ,1,36.23431921,16.63461573,6,1,1
rANS-1,6079110,2390861,0.393291287704944,0.2,4412,0.21,5772,01_ERR17431.aln.sort.dupmark.rg.11.sam.deez_rawstreams.TagSAZ,TagSAZ,1,28.98745537,10.85763205,5,2,3
GABAC,6079110,2085855,0.343118482804226,11.82,92136,0.53,108956,01_ERR17431.aln.sort.dupmark.rg.11.sam.deez_rawstreams.TagSAZ,TagSAZ,1,0.490481478,3.753257248,4,6,6
gzip,47292688,2634845,0.055713580923969,14.03,1784,0.66,1628,01_ERR17431.aln.sort.dupmark.rg.11.sam.deez_rawstreams.EditXlen,EditXlen,1,3.214670128,3.807248491,6,5,1
bzip2,47292688,2216338,0.046864284812908,1.11,10204,0.9,6816,01_ERR17431.aln.sort.dupmark.rg.11.sam.deez_rawstreams.EditXlen,EditXlen,1,40.63227198,2.348516252,4,3,3
xz,47292688,2533044,0.053561007147659,25.03,485688,0.72,49136,01_ERR17431.aln.sort.dupmark.rg.11.sam.deez_rawstreams.EditXlen,EditXlen,1,1.801910583,3.355137507,5,6,2
rANS-0,47292688,1945762,0.041142977535978,0.83,3660,0.94,4136,01_ERR17431.aln.sort.dupmark.rg.11.sam.deez_rawstreams.EditXlen,EditXlen,1,54.33954446,1.974067282,3,1,4
rANS-1,47292688,1934322,0.040901079676419,0.95,3848,1.05,5452,01_ERR17431.aln.sort.dupmark.rg.11.sam.deez_rawstreams.EditXlen,EditXlen,1,47.475602,1.756869725,2,2,5
GABAC,47292688,1897465,0.040121741441299,2.54,900872,2.33,903196,01_ERR17431.aln.sort.dupmark.rg.11.sam.deez_rawstreams.EditXlen,EditXlen,1,17.7566228,0.776636754,1,4,6
gzip,94759522,35286214,0.37237644571487,51.3,1776,1.78,1712,01_ERR17431.aln.sort.dupmark.rg.11.sam.deez_rawstreams.TagXSj,TagXSj,1,1.761593029,18.90536855,5,5,2
bzip2,94759522,30615717,0.323088554625677,8.08,10288,6.06,6996,01_ERR17431.aln.sort.dupmark.rg.11.sam.deez_rawstreams.TagXSj,TagXSj,1,11.18437158,4.818056598,3,3,5
xz,94759522,29659240,0.312994824942236,119.16,685576,3.49,67724,01_ERR17431.aln.sort.dupmark.rg.11.sam.deez_rawstreams.TagXSj,TagXSj,1,0.758389748,8.104657717,2,6,4
rANS-0,94759522,53981986,0.56967347302575,2.27,4732,2.21,5056,01_ERR17431.aln.sort.dupmark.rg.11.sam.deez_rawstreams.TagXSj,TagXSj,1,39.81045038,23.29467584,6,1,1
rANS-1,94759522,29410351,0.310368292064622,2.37,4848,2.65,5748,01_ERR17431.aln.sort.dupmark.rg.11.sam.deez_rawstreams.TagXSj,TagXSj,1,38.13068454,10.58411184,1,2,3
GABAC,94759522,32510029,0.343079284422731,10.19,1795112,12.83,1860044,01_ERR17431.aln.sort.dupmark.rg.11.sam.deez_rawstreams.TagXSj,TagXSj,1,8.868471282,2.416522189,4,4,7
gzip,185117189,25496970,0.137734211165015,288.32,1688,2.6,1592,01_ERR17431.aln.sort.dupmark.rg.11.sam.deez_rawstreams.readNameIndex,readNameIndex,1,0.612311004,9.35223286,5,5,2
bzip2,185117189,24995929,0.135027595951665,35.18,10644,7.91,6968,01_ERR17431.aln.sort.dupmark.rg.11.sam.deez_rawstreams.readNameIndex,readNameIndex,1,5.018235039,3.013650506,4,3,5
xz,185117189,21552436,0.116425903593426,293.41,691564,3.39,67908,01_ERR17431.aln.sort.dupmark.rg.11.sam.deez_rawstreams.readNameIndex,readNameIndex,1,0.601688793,6.063128221,3,6,3
rANS-0,185117189,48368373,0.261285152725607,3.51,4128,3.9,4544,01_ERR17431.aln.sort.dupmark.rg.11.sam.deez_rawstreams.readNameIndex,readNameIndex,1,50.29672612,11.82760899,6,2,1
rANS-1,185117189,19022307,0.102758188489995,3.39,3832,4.26,5484,01_ERR17431.aln.sort.dupmark.rg.11.sam.deez_rawstreams.readNameIndex,readNameIndex,1,52.0771412,4.258470804,1,1,4
GABAC,185117189,20320158,0.109769158173637,42.87,3549016,54.75,3601292,01_ERR17431.aln.sort.dupmark.rg.11.sam.deez_rawstreams.readNameIndex,readNameIndex,1,4.118066449,0.353950919,2,4,7
gzip,4186143,2834536,0.677123547857777,0.42,1748,0.12,1644,01_ERR17431.aln.sort.dupmark.rg.11.sam.deez_rawstreams.EditHSlen,EditHSlen,1,9.505278724,22.52686818,3,3,1
bzip2,4186143,2899404,0.69261943512202,0.51,9832,0.42,6880,01_ERR17431.aln.sort.dupmark.rg.11.sam.deez_rawstreams.EditHSlen,EditHSlen,1,7.827876596,6.58354078,5,4,5
xz,4186143,2701532,0.645351102434867,1.69,105976,0.32,8372,01_ERR17431.aln.sort.dupmark.rg.11.sam.deez_rawstreams.EditHSlen,EditHSlen,1,2.362258618,8.05119276,1,6,4
rANS-0,4186143,2975561,0.710812076892739,0.14,4740,0.14,4860,01_ERR17431.aln.sort.dupmark.rg.11.sam.deez_rawstreams.EditHSlen,EditHSlen,1,28.51583617,20.26940073,6,1,2
rANS-1,4186143,2850227,0.680871867014576,0.17,5168,0.16,6144,01_ERR17431.aln.sort.dupmark.rg.11.sam.deez_rawstreams.EditHSlen,EditHSlen,1,23.48362979,16.98867679,4,2,3
GABAC,4186143,2811720,0.671673184599762,1.44,103952,1.29,106424,01_ERR17431.aln.sort.dupmark.rg.11.sam.deez_rawstreams.EditHSlen,EditHSlen,1,2.772372961,2.078655154,2,5,6
gzip,94759522,18429607,0.194488180301289,299.39,1796,1.51,1708,01_ERR17431.aln.sort.dupmark.rg.11.sam.deez_rawstreams.pairedTLenBit,pairedTLenBit,1,0.301846162,11.63963103,5,6,1
bzip2,94759522,18475266,0.194970021060258,9.55,10512,5.36,6948,01_ERR17431.aln.sort.dupmark.rg.11.sam.deez_rawstreams.pairedTLenBit,pairedTLenBit,1,9.462798154,3.287199006,6,3,5
xz,94759522,16342420,0.172462035002667,173.58,685724,2.09,67840,01_ERR17431.aln.sort.dupmark.rg.11.sam.deez_rawstreams.pairedTLenBit,pairedTLenBit,1,0.520622896,7.457103455,4,5,3
rANS-0,94759522,16189769,0.170851104546517,1.65,3984,1.94,4256,01_ERR17431.aln.sort.dupmark.rg.11.sam.deez_rawstreams.pairedTLenBit,pairedTLenBit,1,54.76952871,7.958642724,3,1,2
rANS-1,94759522,15352993,0.162020583008006,1.95,4072,2.21,5672,01_ERR17431.aln.sort.dupmark.rg.11.sam.deez_rawstreams.pairedTLenBit,pairedTLenBit,1,46.34344737,6.625228554,2,2,4
GABAC,94759522,14863071,0.156850421849954,48.71,1794304,22.58,1808752,01_ERR17431.aln.sort.dupmark.rg.11.sam.deez_rawstreams.pairedTLenBit,pairedTLenBit,1,1.855260159,0.62774708,1,4,6
gzip,94610597,92717,0.000979985360414,0.94,1836,1.38,1732,01_ERR17431.aln.sort.dupmark.rg.11.sam.deez_rawstreams.TagMDZ,TagMDZ,1,95.98691108,0.064073784,6,1,1
bzip2,94610597,862,9.11103013122304E-06,1.16,9732,1.18,5740,01_ERR17431.aln.sort.dupmark.rg.11.sam.deez_rawstreams.TagMDZ,TagMDZ,1,77.78249691,0.000696667,2,2,5
xz,94610597,14688,0.000155246880009,9.88,684708,0.38,67864,01_ERR17431.aln.sort.dupmark.rg.11.sam.deez_rawstreams.TagMDZ,TagMDZ,1,9.132357937,0.036862022,5,6,2
rANS-0,94610597,11944,0.000126243786412,1.29,2536,1.64,3376,01_ERR17431.aln.sort.dupmark.rg.11.sam.deez_rawstreams.TagMDZ,TagMDZ,1,69.94395071,0.00694554,4,3,3
rANS-1,94610597,10156,0.000107345269156,1.47,2664,1.87,4404,01_ERR17431.aln.sort.dupmark.rg.11.sam.deez_rawstreams.TagMDZ,TagMDZ,1,61.37938532,0.005179421,3,4,4
GABAC,94610597,788,8.32887673248695E-06,5.33,836488,1.95,1054624,01_ERR17431.aln.sort.dupmark.rg.11.sam.deez_rawstreams.TagMDZ,TagMDZ,1,16.92827325,0.000385382,1,5,7
gzip,94759522,18453426,0.19473954290314,117.11,1816,14.72,1596,01_ERR17431.aln.sort.dupmark.rg.11.sam.deez_rawstreams.EditOPLen,EditOPLen,1,0.771665292,1.195554241,6,5,5
bzip2,94759522,17708778,0.186881250836196,7.25,10452,6.16,6884,01_ERR17431.aln.sort.dupmark.rg.11.sam.deez_rawstreams.EditOPLen,EditOPLen,1,12.46478929,2.741624473,5,3,4
xz,94759522,15969744,0.168529174302927,151.29,685764,3.56,67724,01_ERR17431.aln.sort.dupmark.rg.11.sam.deez_rawstreams.EditOPLen,EditOPLen,1,0.597327797,4.278071543,4,6,3
rANS-0,94759522,15418742,0.162714434123043,1.7,4336,2.21,4576,01_ERR17431.aln.sort.dupmark.rg.11.sam.deez_rawstreams.EditOPLen,EditOPLen,1,53.15866022,6.653601012,3,1,1
rANS-1,94759522,14839572,0.156602436217439,2.31,4156,2.21,5580,01_ERR17431.aln.sort.dupmark.rg.11.sam.deez_rawstreams.EditOPLen,EditOPLen,1,39.12109193,6.403673612,2,2,2
GABAC,94759522,14205473,0.149910770972441,39.68,1794316,34.68,1809336,01_ERR17431.aln.sort.dupmark.rg.11.sam.deez_rawstreams.EditOPLen,EditOPLen,1,2.277462761,0.390639987,1,4,7
gzip,2080283,202817,0.097494908144709,0.76,1772,0.03,1680,01_ERR17431.aln.sort.dupmark.rg.11.sam.deez_rawstreams.EditLen,EditLen,1,2.610411142,6.447378794,4,4,2
bzip2,2080283,187581,0.090170904631726,0.12,7744,0.11,5080,01_ERR17431.aln.sort.dupmark.rg.11.sam.deez_rawstreams.EditLen,EditLen,1,16.5326039,1.626283472,2,3,6
xz,2080283,182832,0.087888042155803,1.22,87620,0.08,4720,01_ERR17431.aln.sort.dupmark.rg.11.sam.deez_rawstreams.EditLen,EditLen,1,1.626157761,2.179527283,1,5,4
rANS-0,2080283,484542,0.232921193895254,0.06,3400,0.05,3764,01_ERR17431.aln.sort.dupmark.rg.11.sam.deez_rawstreams.EditLen,EditLen,1,33.0652078,9.241905212,6,1,1
rANS-1,2080283,211462,0.101650592731854,0.06,3052,0.09,4852,01_ERR17431.aln.sort.dupmark.rg.11.sam.deez_rawstreams.EditLen,EditLen,1,33.0652078,2.240731981,5,1,3
GABAC,2080283,196584,0.09449868118905,0.08,38496,0.11,38676,01_ERR17431.aln.sort.dupmark.rg.11.sam.deez_rawstreams.EditLen,EditLen,1,24.79890585,1.70433738,3,2,5
gzip,209715200,203614,0.000970907211304,2.11,1784,3.04,1596,01_ERR17431.aln.sort.dupmark.rg.11.sam.deez_rawstreams.TagRG^.cropped,TagRG^,1,94.78672986,0.063875474,6,1,1
bzip2,209715200,177,8.44001770019531E-07,2.75,9604,2.71,5780,01_ERR17431.aln.sort.dupmark.rg.11.sam.deez_rawstreams.TagRG^.cropped,TagRG^,1,72.72727273,6.23E-05,2,3,5
xz,209715200,30644,0.00014612197876,12.31,691176,0.77,67784,01_ERR17431.aln.sort.dupmark.rg.11.sam.deez_rawstreams.TagRG^.cropped,TagRG^,1,16.2469537,0.037953761,5,6,2
rANS-0,209715200,14600,6.96182250976562E-05,2.67,2588,3.79,3436,01_ERR17431.aln.sort.dupmark.rg.11.sam.deez_rawstreams.TagRG^.cropped,TagRG^,1,74.90636704,0.003673785,3,2,3
rANS-1,209715200,15000,7.15255737304687E-05,3.23,2576,4.34,4368,01_ERR17431.aln.sort.dupmark.rg.11.sam.deez_rawstreams.TagRG^.cropped,TagRG^,1,61.91950464,0.003296109,4,5,4
GABAC,209715200,36,1.71661376953125E-07,3.12,619292,6.46,678216,01_ERR17431.aln.sort.dupmark.rg.11.sam.deez_rawstreams.TagRG^.cropped,TagRG^,1,64.1025641,5.31E-06,1,4,7
gzip,209715200,203614,0.000970907211304,2.17,1756,3.02,1536,01_ERR17431.aln.sort.dupmark.rg.11.sam.deez_rawstreams.TagPG^.cropped,TagPG^,1,92.16589862,0.064298491,6,2,1
bzip2,209715200,177,8.44001770019531E-07,2.36,9708,2.71,5680,01_ERR17431.aln.sort.dupmark.rg.11.sam.deez_rawstreams.TagPG^.cropped,TagPG^,1,84.74576271,6.23E-05,2,3,5
xz,209715200,30644,0.00014612197876,22.7,691216,0.76,67776,01_ERR17431.aln.sort.dupmark.rg.11.sam.deez_rawstreams.TagPG^.cropped,TagPG^,1,8.810572687,0.038453152,5,6,2
rANS-0,209715200,14600,6.96182250976562E-05,2.73,2528,3.75,3244,01_ERR17431.aln.sort.dupmark.rg.11.sam.deez_rawstreams.TagPG^.cropped,TagPG^,1,73.26007326,0.003712972,3,4,3
rANS-1,209715200,15000,7.15255737304687E-05,3.26,2584,4.15,4420,01_ERR17431.aln.sort.dupmark.rg.11.sam.deez_rawstreams.TagPG^.cropped,TagPG^,1,61.34969325,0.003447016,4,5,4
GABAC,209715200,36,1.71661376953125E-07,1.99,619156,5.16,678720,01_ERR17431.aln.sort.dupmark.rg.11.sam.deez_rawstreams.TagPG^.cropped,TagPG^,1,100.5025126,6.65E-06,1,1,6
gzip,209715200,91902272,0.438224182128906,61.41,1804,3.97,1732,01_ERR17431.aln.sort.dupmark.rg.11.sam.deez_rawstreams.quality.cropped,quality,1,3.256798567,22.07678499,5,5,1
bzip2,209715200,80604419,0.38435182094574,24.1,9800,13.85,7036,01_ERR17431.aln.sort.dupmark.rg.11.sam.deez_rawstreams.quality.cropped,quality,1,8.298755187,5.550206801,3,4,7
xz,209715200,80602824,0.384344215393066,319.25,691444,7.9,67792,01_ERR17431.aln.sort.dupmark.rg.11.sam.deez_rawstreams.quality.cropped,quality,1,0.626468285,9.730233301,2,6,4
rANS-0,209715200,106425863,0.507478060722351,4.62,4584,5.97,4840,01_ERR17431.aln.sort.dupmark.rg.11.sam.deez_rawstreams.quality.cropped,quality,1,43.29004329,17.00094006,6,1,2
rANS-1,209715200,78332114,0.373516626358032,5.52,4516,6.16,5864,01_ERR17431.aln.sort.dupmark.rg.11.sam.deez_rawstreams.quality.cropped,quality,1,36.23188406,12.12716319,1,2,3
GABAC,209715200,84511608,0.402982749938965,16.08,1002352,11.34,1028396,01_ERR17431.aln.sort.dupmark.rg.11.sam.deez_rawstreams.quality.cropped,quality,1,12.43781095,7.10727954,4,3,6
gzip,34429632,7965901,0.231367590568496,23.54,1736,0.59,1608,01_ERR17431.aln.sort.dupmark.rg.11.sam.deez_rawstreams.pairedDiff,pairedDiff,1,1.39484519,12.87605965,4,4,2
bzip2,34429632,6808750,0.197758430877216,2.29,9784,1.44,6728,01_ERR17431.aln.sort.dupmark.rg.11.sam.deez_rawstreams.pairedDiff,pairedDiff,1,14.33827763,4.509256946,2,3,5
xz,34429632,6295776,0.18285923009575,30.6,374616,0.91,36716,01_ERR17431.aln.sort.dupmark.rg.11.sam.deez_rawstreams.pairedDiff,pairedDiff,1,1.073027966,6.597933926,1,5,4
rANS-0,34429632,10857583,0.315355766799947,0.7,4652,0.79,4628,01_ERR17431.aln.sort.dupmark.rg.11.sam.deez_rawstreams.pairedDiff,pairedDiff,1,46.90665109,13.10708613,6,1,1
rANS-1,34429632,9274725,0.269382054388499,0.92,5592,0.9,6076,01_ERR17431.aln.sort.dupmark.rg.11.sam.deez_rawstreams.pairedDiff,pairedDiff,1,35.68984322,9.827852249,5,2,3
GABAC,34429632,7211879,0.209467211267318,47.19,389400,10.04,645124,01_ERR17431.aln.sort.dupmark.rg.11.sam.deez_rawstreams.pairedDiff,pairedDiff,1,0.695796901,0.685038225,3,6,7
gzip,209715200,33349280,0.159021759033203,37.62,1800,3.14,1632,01_ERR17431.aln.sort.dupmark.rg.11.sam.deez_rawstreams.TagXAZ.cropped,TagXAZ,1,5.316321106,10.12877446,3,4,3
bzip2,209715200,29869762,0.142430124282837,28.61,9932,8.92,7048,01_ERR17431.aln.sort.dupmark.rg.11.sam.deez_rawstreams.TagXAZ.cropped,TagXAZ,1,6.99056274,3.193500544,2,3,6
xz,209715200,24258388,0.115673007965088,175.26,691432,4.71,67736,01_ERR17431.aln.sort.dupmark.rg.11.sam.deez_rawstreams.TagXAZ.cropped,TagXAZ,1,1.141161703,4.911805009,1,5,4
rANS-0,209715200,98500747,0.46968816280365,4.5,4464,4.72,4920,01_ERR17431.aln.sort.dupmark.rg.11.sam.deez_rawstreams.TagXAZ.cropped,TagXAZ,1,44.44444444,19.9020408,6,1,1
rANS-1,209715200,73618696,0.351041297912598,5.24,4512,5.57,5868,01_ERR17431.aln.sort.dupmark.rg.11.sam.deez_rawstreams.TagXAZ.cropped,TagXAZ,1,38.16793893,12.60471447,5,2,2
GABAC,209715200,38075847,0.18155978679657,271.35,2051308,11.85,2477616,01_ERR17431.aln.sort.dupmark.rg.11.sam.deez_rawstreams.TagXAZ.cropped,TagXAZ,1,0.737055463,3.064300199,4,6,7
gzip,209715200,863630,0.00411810874939,3.81,1748,2.73,1640,01_ERR17431.aln.sort.dupmark.rg.11.sam.deez_rawstreams.tagBuffer.cropped,tagBuffer,1,52.49343832,0.301692949,4,3,2
bzip2,209715200,486433,0.002319493293762,61.24,10084,6,6400,01_ERR17431.aln.sort.dupmark.rg.11.sam.deez_rawstreams.tagBuffer.cropped,tagBuffer,1,3.265839321,0.077316443,1,6,5
xz,209715200,785256,0.00374439239502,20.82,691324,2.54,67768,01_ERR17431.aln.sort.dupmark.rg.11.sam.deez_rawstreams.tagBuffer.cropped,tagBuffer,1,9.606147935,0.294834047,3,5,3
rANS-0,209715200,74413482,0.354831132888794,3.7,4296,4.12,4704,01_ERR17431.aln.sort.dupmark.rg.11.sam.deez_rawstreams.tagBuffer.cropped,tagBuffer,1,54.05405405,17.22481228,6,2,1
rANS-1,209715200,965472,0.004603729248047,3.3,3624,4.18,5344,01_ERR17431.aln.sort.dupmark.rg.11.sam.deez_rawstreams.tagBuffer.cropped,tagBuffer,1,60.60606061,0.220274127,5,1,4
GABAC,209715200,513735,0.002449679374695,5.15,1848232,47.66,2128480,01_ERR17431.aln.sort.dupmark.rg.11.sam.deez_rawstreams.tagBuffer.cropped,tagBuffer,1,38.83495146,0.010279813,2,4,7
gzip,189519044,34179771,0.180350060229303,662.88,1792,2.88,1624,01_ERR17431.aln.sort.dupmark.rg.11.sam.deez_rawstreams.MappingFlag,MappingFlag,1,0.272657864,11.31818394,5,6,1
bzip2,189519044,28235719,0.148986183151072,31.5,9932,8.96,7052,01_ERR17431.aln.sort.dupmark.rg.11.sam.deez_rawstreams.MappingFlag,MappingFlag,1,5.73776015,3.00532143,4,4,7
xz,189519044,27775316,0.146556860006111,363.81,691460,3.94,67824,01_ERR17431.aln.sort.dupmark.rg.11.sam.deez_rawstreams.MappingFlag,MappingFlag,1,0.496796253,6.72299632,3,5,3
rANS-0,189519044,50266133,0.265229983958762,3.43,4356,4.24,4668,01_ERR17431.aln.sort.dupmark.rg.11.sam.deez_rawstreams.MappingFlag,MappingFlag,1,52.69371567,11.30601887,6,1,2
rANS-1,189519044,26434312,0.139481032840161,3.59,3996,4.29,5568,01_ERR17431.aln.sort.dupmark.rg.11.sam.deez_rawstreams.MappingFlag,MappingFlag,1,50.34524923,5.87639264,2,2,4
GABAC,189519044,26385091,0.139221317515722,7.18,901028,7.38,959248,01_ERR17431.aln.sort.dupmark.rg.11.sam.deez_rawstreams.MappingFlag,MappingFlag,1,25.17262461,3.409591277,1,3,6
gzip,94759522,31577280,0.333235957015486,70.46,1736,2.4,1632,01_ERR17431.aln.sort.dupmark.rg.11.sam.deez_rawstreams.EditLocation,EditLocation,1,1.282567732,12.54768372,6,5,1
bzip2,94759522,31259466,0.329882056602185,11.11,9852,5.84,6884,01_ERR17431.aln.sort.dupmark.rg.11.sam.deez_rawstreams.EditLocation,EditLocation,1,8.134088422,5.104683197,5,4,4
xz,94759522,28902816,0.305012260403762,131.64,685652,5.97,67920,01_ERR17431.aln.sort.dupmark.rg.11.sam.deez_rawstreams.EditLocation,EditLocation,1,0.686491358,4.617064203,4,6,5
rANS-0,94759522,26674906,0.281501061180954,2.15,4204,3.05,4420,01_ERR17431.aln.sort.dupmark.rg.11.sam.deez_rawstreams.EditLocation,EditLocation,1,42.03242901,8.340712375,2,1,3
rANS-1,94759522,26577768,0.280475961033235,3.43,4668,2.97,5836,01_ERR17431.aln.sort.dupmark.rg.11.sam.deez_rawstreams.EditLocation,EditLocation,1,26.34685783,8.534186777,1,2,2
GABAC,94759522,26814412,0.282973272068637,5.65,1485892,9,1512492,01_ERR17431.aln.sort.dupmark.rg.11.sam.deez_rawstreams.EditLocation,EditLocation,1,15.99464113,2.841357337,3,3,7
gzip,21983148,16151762,0.734733806095469,1.91,1784,0.48,1736,01_ERR17431.aln.sort.dupmark.rg.11.sam.deez_rawstreams.EditACGT_IS_SeqVec,EditACGT_IS_SeqVec,1,10.97631604,32.09066788,2,3,1
bzip2,21983148,16721224,0.760638285290169,3.03,9776,1.87,6660,01_ERR17431.aln.sort.dupmark.rg.11.sam.deez_rawstreams.EditACGT_IS_SeqVec,EditACGT_IS_SeqVec,1,6.919063908,8.527594582,3,4,5
xz,21983148,15437596,0.702246830162814,8.71,262236,1.58,24624,01_ERR17431.aln.sort.dupmark.rg.11.sam.deez_rawstreams.EditACGT_IS_SeqVec,EditACGT_IS_SeqVec,1,2.406976308,9.317999248,1,5,4
rANS-0,21983148,20598480,0.937012296873951,0.72,4816,0.65,5052,01_ERR17431.aln.sort.dupmark.rg.11.sam.deez_rawstreams.EditACGT_IS_SeqVec,EditACGT_IS_SeqVec,1,29.11772728,30.22190974,6,1,2
rANS-1,21983148,19116770,0.869610212331737,1.01,5872,0.89,6580,01_ERR17431.aln.sort.dupmark.rg.11.sam.deez_rawstreams.EditACGT_IS_SeqVec,EditACGT_IS_SeqVec,1,20.75719172,20.48446355,5,2,3
GABAC,21983148,16852694,0.76661877543653,89.29,453020,9.64,520260,01_ERR17431.aln.sort.dupmark.rg.11.sam.deez_rawstreams.EditACGT_IS_SeqVec,EditACGT_IS_SeqVec,1,0.234794083,1.667217991,4,6,6
gzip,17401796,10672097,0.613275606724731,3.95,1668,0.42,1648,01_ERR17431.aln.sort.dupmark.rg.11.sam.deez_rawstreams.pairedTlen,pairedTlen,1,4.201429343,24.2326305,5,5,1
bzip2,17401796,9322191,0.535702809066375,2.57,9804,1.23,6792,01_ERR17431.aln.sort.dupmark.rg.11.sam.deez_rawstreams.pairedTlen,pairedTlen,1,6.457449768,7.227913926,3,3,5
xz,17401796,8723864,0.50131974883512,11.38,225020,0.99,19624,01_ERR17431.aln.sort.dupmark.rg.11.sam.deez_rawstreams.pairedTlen,pairedTlen,1,1.458316863,8.403762663,1,6,4
rANS-0,17401796,11042264,0.634547376604116,0.48,4748,0.46,5116,01_ERR17431.aln.sort.dupmark.rg.11.sam.deez_rawstreams.pairedTlen,pairedTlen,1,34.5742623,22.89287733,6,1,2
rANS-1,17401796,9666537,0.555490766585242,0.56,5900,0.53,6168,01_ERR17431.aln.sort.dupmark.rg.11.sam.deez_rawstreams.pairedTlen,pairedTlen,1,29.63508197,17.39382654,4,2,3
GABAC,17401796,9140416,0.525257048180544,2.6,436724,1.87,412848,01_ERR17431.aln.sort.dupmark.rg.11.sam.deez_rawstreams.pairedTlen,pairedTlen,1,6.382940733,4.661486621,2,4,6
gzip,53709595,4522636,0.084205364050874,27.47,1780,0.78,1620,01_ERR17431.aln.sort.dupmark.rg.11.sam.deez_rawstreams.EditOpcodes,EditOpcodes,1,1.864632737,5.529643328,5,5,1
bzip2,53709595,3866571,0.071990321282445,2.16,9968,1.38,6764,01_ERR17431.aln.sort.dupmark.rg.11.sam.deez_rawstreams.EditOpcodes,EditOpcodes,1,23.71363949,2.672064823,2,3,4
xz,53709595,4069216,0.075763297042177,37.52,542980,1.16,55876,01_ERR17431.aln.sort.dupmark.rg.11.sam.deez_rawstreams.EditOpcodes,EditOpcodes,1,1.36517754,3.345436885,4,6,3
rANS-0,53709595,4626638,0.086141740595884,1.06,3816,1.12,4440,01_ERR17431.aln.sort.dupmark.rg.11.sam.deez_rawstreams.EditOpcodes,EditOpcodes,1,48.3221333,3.939558778,6,2,2
rANS-1,53709595,3960189,0.073733361795039,0.94,3740,1.47,5592,01_ERR17431.aln.sort.dupmark.rg.11.sam.deez_rawstreams.EditOpcodes,EditOpcodes,1,54.49091627,2.569204447,3,1,5
GABAC,53709595,3332211,0.062041260970223,2.81,951096,3.49,952660,01_ERR17431.aln.sort.dupmark.rg.11.sam.deez_rawstreams.EditOpcodes,EditOpcodes,1,18.22827804,0.910557034,1,4,7
gzip,87347840,54739002,0.626678370066163,13.77,1764,1.87,1636,01_ERR17431.aln.sort.dupmark.rg.11.sam.deez_rawstreams.readNamePair,readNamePair,1,6.049483776,27.9161392,6,5,1
bzip2,87347840,44683847,0.511562129069248,11.24,10820,5.63,6884,01_ERR17431.aln.sort.dupmark.rg.11.sam.deez_rawstreams.readNamePair,readNamePair,1,7.411155836,7.56906523,3,4,5
xz,87347840,45044440,0.515690370820847,97.87,678816,4.63,67724,01_ERR17431.aln.sort.dupmark.rg.11.sam.deez_rawstreams.readNamePair,readNamePair,1,0.851143268,9.278126463,4,6,4
rANS-0,87347840,53914265,0.617236385009635,2.05,4720,1.96,4728,01_ERR17431.aln.sort.dupmark.rg.11.sam.deez_rawstreams.readNamePair,readNamePair,1,40.63482517,26.2329846,5,1,2
rANS-1,87347840,43276270,0.495447511924737,2.37,5864,2.33,6156,01_ERR17431.aln.sort.dupmark.rg.11.sam.deez_rawstreams.readNamePair,readNamePair,1,35.1482665,17.71307606,1,2,3
GABAC,87347840,44011267,0.503862110385328,9.99,1737656,8.66,1780188,01_ERR17431.aln.sort.dupmark.rg.11.sam.deez_rawstreams.readNamePair,readNamePair,1,8.338477638,4.846699188,2,3,6
gzip,53559114,34225333,0.639019775420482,17.83,1732,1.1,1540,01_ERR17431.aln.sort.dupmark.rg.11.sam.deez_rawstreams.EditSeqpos,EditSeqpos,1,2.864719654,29.67256459,2,5,1
bzip2,53559114,34827307,0.65025920705111,7.43,10688,4.28,7048,01_ERR17431.aln.sort.dupmark.rg.11.sam.deez_rawstreams.EditSeqpos,EditSeqpos,1,6.874556047,7.760258924,4,3,5
xz,53559114,32614668,0.608947115891424,36.49,540244,3.17,55160,01_ERR17431.aln.sort.dupmark.rg.11.sam.deez_rawstreams.EditSeqpos,EditSeqpos,1,1.399779431,9.811915208,1,6,4
rANS-0,53559114,37596202,0.701957130956274,1.4,4712,1.5,5092,01_ERR17431.aln.sort.dupmark.rg.11.sam.deez_rawstreams.EditSeqpos,EditSeqpos,1,36.48425102,23.90302149,6,1,2
rANS-1,53559114,34417092,0.642600099770134,1.78,5340,1.68,6076,01_ERR17431.aln.sort.dupmark.rg.11.sam.deez_rawstreams.EditSeqpos,EditSeqpos,1,28.69547833,19.53731946,3,2,3
GABAC,53559114,35256019,0.658263671053259,14.22,949380,9.79,983168,01_ERR17431.aln.sort.dupmark.rg.11.sam.deez_rawstreams.EditSeqpos,EditSeqpos,1,3.591979707,3.434398347,5,4,7
gzip,94759522,5020442,0.052980870882823,11.4,1784,1.44,1644,01_ERR17431.aln.sort.dupmark.rg.11.sam.deez_rawstreams.MappingQual,MappingQual,1,7.927168629,3.324907356,5,5,2
bzip2,94759522,4625288,0.048810799193352,1.83,9928,1.74,6720,01_ERR17431.aln.sort.dupmark.rg.11.sam.deez_rawstreams.MappingQual,MappingQual,1,49.38236195,2.53506803,3,3,4
xz,94759522,4589004,0.048427893082871,22.89,685180,1.57,67792,01_ERR17431.aln.sort.dupmark.rg.11.sam.deez_rawstreams.MappingQual,MappingQual,1,3.948000103,2.787525639,2,6,3
rANS-0,94759522,7247167,0.076479564766061,1.5,4624,1.85,4928,01_ERR17431.aln.sort.dupmark.rg.11.sam.deez_rawstreams.MappingQual,MappingQual,1,60.24648158,3.735911911,6,1,1
rANS-1,94759522,4898479,0.051693791785906,1.67,4704,2.03,5516,01_ERR17431.aln.sort.dupmark.rg.11.sam.deez_rawstreams.MappingQual,MappingQual,1,54.11360621,2.301257937,4,2,5
GABAC,94759522,4236462,0.044707507072482,5.56,1795368,5.11,1799712,01_ERR17431.aln.sort.dupmark.rg.11.sam.deez_rawstreams.MappingQual,MappingQual,1,16.25354719,0.790646771,1,4,7
gzip,94759522,301801,0.003184914757168,1.68,1800,1.35,1604,01_ERR17431.aln.sort.dupmark.rg.11.sam.deez_rawstreams.EditSeqend,EditSeqend,1,53.79150141,0.213199898,4,3,1
bzip2,94759522,178972,0.001888696736989,1.97,9868,1.48,5944,01_ERR17431.aln.sort.dupmark.rg.11.sam.deez_rawstreams.EditSeqend,EditSeqend,1,45.87295552,0.115325,2,5,3
xz,94759522,249528,0.002633276263255,12.54,685424,4.35,67772,01_ERR17431.aln.sort.dupmark.rg.11.sam.deez_rawstreams.EditSeqend,EditSeqend,1,7.206516935,0.05470539,3,6,7
rANS-0,94759522,348126,0.003673783833566,1.84,2848,4.99,3404,01_ERR17431.aln.sort.dupmark.rg.11.sam.deez_rawstreams.EditSeqend,EditSeqend,1,49.11397955,0.066532831,5,4,5
rANS-1,94759522,349909,0.003692599884579,1.6,3096,2.81,4740,01_ERR17431.aln.sort.dupmark.rg.11.sam.deez_rawstreams.EditSeqend,EditSeqend,1,56.48107648,0.118754173,6,2,2
GABAC,94759522,178929,0.001888242956734,1.25,838036,2.16,1060328,01_ERR17431.aln.sort.dupmark.rg.11.sam.deez_rawstreams.EditSeqend,EditSeqend,1,72.29577789,0.078999996,1,1,4
gzip,94759522,24899936,0.262769750991357,98.24,1732,2.29,1628,01_ERR17431.aln.sort.dupmark.rg.11.sam.deez_rawstreams.TagASj,TagASj,1,0.919887239,10.36961984,6,5,2
bzip2,94759522,23988568,0.253152057900841,7.01,9968,5.06,7036,01_ERR17431.aln.sort.dupmark.rg.11.sam.deez_rawstreams.TagASj,TagASj,1,12.89154385,4.521201816,5,3,5
xz,94759522,21879992,0.230900193861256,131.08,685084,2.81,67752,01_ERR17431.aln.sort.dupmark.rg.11.sam.deez_rawstreams.TagASj,TagASj,1,0.689424186,7.42576029,3,6,4
rANS-0,94759522,23778218,0.25093222821449,1.81,4804,2.06,5060,01_ERR17431.aln.sort.dupmark.rg.11.sam.deez_rawstreams.TagASj,TagASj,1,49.92802341,11.00809505,4,1,1
rANS-1,94759522,21749687,0.229525081394986,2.2,4928,2.26,5828,01_ERR17431.aln.sort.dupmark.rg.11.sam.deez_rawstreams.TagASj,TagASj,1,41.07714653,9.177928266,2,2,3
GABAC,94759522,20843335,0.219960322298798,27.9,1795460,24.98,1848864,01_ERR17431.aln.sort.dupmark.rg.11.sam.deez_rawstreams.TagASj,TagASj,1,3.239058149,0.795746728,1,4,7
gzip,209715200,151624970,0.723004198074341,91.17,1760,4.14,1632,01_ERR17431.aln.sort.dupmark.rg.11.sam.deez_rawstreams.readNameContent.cropped,readNameContent,1,2.193704069,34.92773904,3,4,1
bzip2,209715200,146731220,0.699668979644775,33.27,10000,19.41,6996,01_ERR17431.aln.sort.dupmark.rg.11.sam.deez_rawstreams.readNameContent.cropped,readNameContent,1,6.011421701,7.209366096,2,3,6
xz,209715200,143661632,0.685032043457031,231.4,691412,17.67,67720,01_ERR17431.aln.sort.dupmark.rg.11.sam.deez_rawstreams.readNameContent.cropped,readNameContent,1,0.864304235,7.753616791,1,5,4
rANS-0,209715200,170648440,0.813715171813965,5.6,4752,5.61,5284,01_ERR17431.aln.sort.dupmark.rg.11.sam.deez_rawstreams.readNameContent.cropped,readNameContent,1,35.71428571,29.00945354,6,1,2
rANS-1,209715200,153456147,0.73173593044281,8.1,6032,7.39,6612,01_ERR17431.aln.sort.dupmark.rg.11.sam.deez_rawstreams.readNameContent.cropped,readNameContent,1,24.69135802,19.80340813,5,2,3
GABAC,209715200,152348181,0.726452736854553,333.07,3703276,25.34,4161024,01_ERR17431.aln.sort.dupmark.rg.11.sam.deez_rawstreams.readNameContent.cropped,readNameContent,1,0.600474375,5.733644332,4,6,7
